역번호,역명,노선번호,노선명
0097,연천,I4102,1호선
0098,전곡,I4102,1호선
0099,청산,I4102,1호선
0100,소요산,I4102,1호선
0101,동두천,I4102,1호선
0102,보산,I4102,1호선
0103,동두천중앙,I4102,1호선
0104,지행,I4102,1호선
0105,덕정,I4102,1호선
0106,덕계,I4102,1호선
0107,양주,I4102,1호선
0108,녹양,I4102,1호선
0109,가능,I4102,1호선
0110,의정부,I4102,1호선
0111,회룡,I4102,1호선
0112,망월사,I4102,1호선
0113,도봉산,I4102,1호선
0114,도봉,I4102,1호선
0115,방학,I4102,1호선
0116,창동,I4102,1호선
0117,녹천,I4102,1호선
0118,월계,I4102,1호선
0119,광운대,I4102,1호선
0120,석계,I4102,1호선
0121,신이문,I4102,1호선
0122,외대앞,I4102,1호선
0123,회기,I4102,1호선
0124,청량리,I4101,1호선
0125,제기동,I4101,1호선
0126,신설동,I4101,1호선
0127,동묘앞,I4101,1호선
0128,동대문,I4101,1호선
0129,종로5가,I4101,1호선
0130,종로3가,I4101,1호선
0131,종각,I4101,1호선
0132,시청,I4101,1호선
0133,서울,I4101,1호선
1002,남영,I4101,1호선
1003,용산,I4101,1호선
1004,노량진,I4101,1호선
1005,대방,I4101,1호선
1006,신길,I4101,1호선
1007,영등포,I4101,1호선
1008,신도림,I4101,1호선
1009,구로,I4101,1호선
1010,구일,I1101,1호선
1011,개봉,I1101,1호선
1012,오류동,I1101,1호선
1013,온수,I1101,1호선
1014,역곡,I1101,1호선
1015,소사,I1101,1호선
1016,부천,I1101,1호선
1017,중동,I1101,1호선
1018,송내,I1101,1호선
1019,부개,I1101,1호선
1020,부평,I1101,1호선
1021,백운,I1101,1호선
1022,동암,I1101,1호선
1023,간석,I1101,1호선
1024,주안,I1101,1호선
1025,도화,I1101,1호선
1026,제물포,I1101,1호선
1027,도원,I1101,1호선
1028,동인천,I1101,1호선
1029,인천,I1101,1호선
1702,가산디지털단지,I4101,1호선
1703,독산,I4101,1호선
1704,금천구청,I4101,1호선
1704-1,광명,I4101,1호선
1705,석수,I4101,1호선
1706,관악,I4101,1호선
1707,안양,I4101,1호선
1708,명학,I4101,1호선
1709,금정,I4101,1호선
1710,군포,I4101,1호선
1711,당정,I4101,1호선
1712,의왕,I4101,1호선
1713,성균관대,I4101,1호선
1714,화서,I4101,1호선
1715,수원,I4101,1호선
1716,세류,I4101,1호선
1717,병점,I4101,1호선
1717-1,서동탄,I4101,1호선
1718,세마,I4101,1호선
1719,오산대,I4101,1호선
1720,오산,I4101,1호선
1721,진위,I4101,1호선
1722,송탄,I4101,1호선
1723,서정리,I4101,1호선
1724,평택지제,I4101,1호선
1725,평택,I4101,1호선
1726,성환,I4101,1호선
1727,직산,I4101,1호선
1728,두정,I4101,1호선
1729,천안,I4401,1호선
1730,봉명,I4401,1호선
1731,쌍용,I4401,1호선
1732,아산,I4401,1호선
1733,탕정,I4401,1호선
1734,배방,I4401,1호선
1735,온양온천,I4401,1호선
1736,신창,I4401,1호선
0201,시청,S1102,2호선
0202,을지로입구,S1102,2호선
0203,을지로3가,S1102,2호선
0204,을지로4가,S1102,2호선
0205,동대문역사문화공원,S1102,2호선
0206,신당,S1102,2호선
0207,상왕십리,S1102,2호선
0208,왕십리,S1102,2호선
0209,한양대,S1102,2호선
0210,뚝섬,S1102,2호선
0211,성수,S1102,2호선
0212,건대입구,S1102,2호선
0213,구의,S1102,2호선
0214,강변,S1102,2호선
0215,잠실나루,S1102,2호선
0216,잠실,S1102,2호선
0217,잠실새내,S1102,2호선
0218,종합운동장,S1102,2호선
0219,삼성,S1102,2호선
0220,선릉,S1102,2호선
0221,역삼,S1102,2호선
0222,강남,S1102,2호선
0223,교대,S1102,2호선
0224,서초,S1102,2호선
0225,방배,S1102,2호선
0226,사당,S1102,2호선
0227,낙성대,S1102,2호선
0228,서울대입구,S1102,2호선
0229,봉천,S1102,2호선
0230,신림,S1102,2호선
0231,신대방,S1102,2호선
0232,구로디지털단지,S1102,2호선
0233,대림,S1102,2호선
0234,신도림,S1102,2호선
0235,문래,S1102,2호선
0236,영등포구청,S1102,2호선
0237,당산,S1102,2호선
0238,합정,S1102,2호선
0239,홍대입구,S1102,2호선
0240,신촌,S1102,2호선
0241,이대,S1102,2호선
0242,아현,S1102,2호선
0243,충정로,S1102,2호선
2111,용답,S1121,2호선
2112,신답,S1121,2호선
2113,용두,S1121,2호선
2114,신설동,S1121,2호선
2341,도림천,S1122,2호선
2342,양천구청,S1122,2호선
2343,신정네거리,S1122,2호선
2344,까치산,S1122,2호선
0309,대화,I4106,3호선
0310,주엽,I4106,3호선
0311,정발산,I4106,3호선
0312,마두,I4106,3호선
0313,백석,I4106,3호선
0314,대곡,I4106,3호선
0315,화정,I4106,3호선
0316,원당,I4106,3호선
0317,원흥,I4106,3호선
0318,삼송,I4106,3호선
0319,지축,I1103,3호선
0320,구파발,I1103,3호선
0321,연신내,I1103,3호선
0322,불광,I1103,3호선
0323,녹번,I1103,3호선
0324,홍제,I1103,3호선
0325,무악재,I1103,3호선
0326,독립문,I1103,3호선
0327,경복궁,I1103,3호선
0328,안국,I1103,3호선
0329,종로3가,I1103,3호선
0330,을지로3가,I1103,3호선
0331,충무로,I1103,3호선
0332,동대입구,I1103,3호선
0333,약수,I1103,3호선
0334,금호,I1103,3호선
0335,옥수,I1103,3호선
0336,압구정,I1103,3호선
0337,신사,I1103,3호선
0338,잠원,I1103,3호선
0339,고속터미널,I1103,3호선
0340,교대,I1103,3호선
0341,남부터미널,I1103,3호선
0342,양재,I1103,3호선
0343,매봉,I1103,3호선
0344,도곡,I1103,3호선
0345,대치,I1103,3호선
0346,학여울,I1103,3호선
0347,대청,I1103,3호선
0348,일원,I1103,3호선
0349,수서,I1103,3호선
0350,가락시장,I1103,3호선
0351,경찰병원,I1103,3호선
0352,오금,I1103,3호선
0405,진접,I4104,4호선
0406,오남,I4104,4호선
0408,별내별가람,I4104,4호선
0409,불암산,I1104,4호선
0410,상계,I1104,4호선
0411,노원,I1104,4호선
0412,창동,I1104,4호선
0413,쌍문,I1104,4호선
0414,수유,I1104,4호선
0415,미아,I1104,4호선
0416,미아사거리,I1104,4호선
0417,길음,I1104,4호선
0418,성신여대입구,I1104,4호선
0419,한성대입구,I1104,4호선
0420,혜화,I1104,4호선
0421,동대문,I1104,4호선
0422,동대문역사문화공원,I1104,4호선
0423,충무로,I1104,4호선
0424,명동,I1104,4호선
0425,회현,I1104,4호선
0426,서울,I1104,4호선
0427,숙대입구,I1104,4호선
0428,삼각지,I1104,4호선
0429,신용산,I1104,4호선
0430,이촌,I1104,4호선
0431,동작,I1104,4호선
0432,총신대입구,I1104,4호선
0433,사당,I1104,4호선
0434,남태령,I1104,4호선
1450,선바위,I4103,4호선
1451,경마공원,I4103,4호선
1452,대공원,I4103,4호선
1453,과천,I4103,4호선
1454,정부과천청사,I4103,4호선
1455,인덕원,I4103,4호선
1456,평촌,I4103,4호선
1457,범계,I4103,4호선
1708,금정,I4103,4호선
1751,산본,I4103,4호선
1752,대야미,I4103,4호선
1753,반월,I4103,4호선
1754,상록수,I4103,4호선
1755,한대앞,I4103,4호선
1756,중앙,I4103,4호선
1757,고잔,I4103,4호선
1758,초지,I4103,4호선
1759,안산,I4103,4호선
1760,능길,I4103,4호선
1761,정왕,I4103,4호선
1762,오이도,I4103,4호선
1763,수리산,I4103,4호선
0510,방화,S1105,5호선
0511,개화산,S1105,5호선
0512,김포공항,S1105,5호선
0513,송정,S1105,5호선
0514,마곡,S1105,5호선
0515,발산,S1105,5호선
0516,우장산,S1105,5호선
0517,화곡,S1105,5호선
0518,까치산,S1105,5호선
0519,신정,S1105,5호선
0520,목동,S1105,5호선
0521,오목교,S1105,5호선
0522,양평,S1105,5호선
0523,영등포구청,S1105,5호선
0524,영등포시장,S1105,5호선
0525,신길,S1105,5호선
0526,여의도,S1105,5호선
0527,여의나루,S1105,5호선
0528,마포,S1105,5호선
0529,공덕,S1105,5호선
0530,애오개,S1105,5호선
0531,충정로,S1105,5호선
0532,서대문,S1105,5호선
0533,광화문,S1105,5호선
0534,종로3가,S1105,5호선
0535,을지로4가,S1105,5호선
0536,동대문역사문화공원,S1105,5호선
0537,청구,S1105,5호선
0538,신금호,S1105,5호선
0539,행당,S1105,5호선
0540,왕십리,S1105,5호선
0541,마장,S1105,5호선
0542,답십리,S1105,5호선
0543,장한평,S1105,5호선
0544,군자,S1105,5호선
0545,아차산,S1105,5호선
0546,광나루,S1105,5호선
0547,천호,S1105,5호선
0548,강동,S1105,5호선
0549,길동,S1105,5호선
0550,굽은다리,S1105,5호선
0551,명일,S1105,5호선
0552,고덕,S1105,5호선
0553,상일동,S1105,5호선
0554,강일,S1105,5호선
0555,미사,S1105,5호선
0556,하남풍산,S1105,5호선
0557,하남시청,S1105,5호선
0558,하남검단산,S1105,5호선
P549,둔촌동,S1105,5호선
P550,올림픽공원,S1105,5호선
P551,방이,S1105,5호선
P552,오금,S1105,5호선
P553,개롱,S1105,5호선
P554,거여,S1105,5호선
P555,마천,S1105,5호선
0610,구산,S1106,6호선
0611,연신내,S1106,6호선
0612,독바위,S1106,6호선
0613,불광,S1106,6호선
0614,역촌,S1106,6호선
0615,응암,S1106,6호선
0616,새절,S1106,6호선
0617,증산,S1106,6호선
0618,디지털미디어시티,S1106,6호선
0619,월드컵경기장,S1106,6호선
0620,마포구청,S1106,6호선
0621,망원,S1106,6호선
0622,합정,S1106,6호선
0623,상수,S1106,6호선
0624,광흥창,S1106,6호선
0625,대흥,S1106,6호선
0626,공덕,S1106,6호선
0627,효창공원앞,S1106,6호선
0628,삼각지,S1106,6호선
0629,녹사평,S1106,6호선
0630,이태원,S1106,6호선
0631,한강진,S1106,6호선
0632,버티고개,S1106,6호선
0633,약수,S1106,6호선
0634,청구,S1106,6호선
0635,신당,S1106,6호선
0636,동묘앞,S1106,6호선
0637,창신,S1106,6호선
0638,보문,S1106,6호선
0639,안암,S1106,6호선
0640,고려대,S1106,6호선
0641,월곡,S1106,6호선
0642,상월곡,S1106,6호선
0643,돌곶이,S1106,6호선
0644,석계,S1106,6호선
0645,태릉입구,S1106,6호선
0646,화랑대,S1106,6호선
0647,봉화산,S1106,6호선
0648,신내,S1106,6호선
0709,장암,S1107,7호선
0710,도봉산,S1107,7호선
0711,수락산,S1107,7호선
0712,마들,S1107,7호선
0713,노원,S1107,7호선
0714,중계,S1107,7호선
0715,하계,S1107,7호선
0716,공릉,S1107,7호선
0717,태릉입구,S1107,7호선
0718,먹골,S1107,7호선
0719,중화,S1107,7호선
0720,상봉,S1107,7호선
0721,면목,S1107,7호선
0722,사가정,S1107,7호선
0723,용마산,S1107,7호선
0724,중곡,S1107,7호선
0725,군자,S1107,7호선
0726,어린이대공원,S1107,7호선
0727,건대입구,S1107,7호선
0728,자양,S1107,7호선
0729,청담,S1107,7호선
0730,강남구청,S1107,7호선
0731,학동,S1107,7호선
0732,논현,S1107,7호선
0733,반포,S1107,7호선
0734,고속터미널,S1107,7호선
0735,내방,S1107,7호선
0736,총신대입구,S1107,7호선
0737,남성,S1107,7호선
0738,숭실대입구,S1107,7호선
0739,상도,S1107,7호선
0740,장승배기,S1107,7호선
0741,신대방삼거리,S1107,7호선
0742,보라매,S1107,7호선
0743,신풍,S1107,7호선
0744,대림,S1107,7호선
0745,남구로,S1107,7호선
0746,가산디지털단지,S1107,7호선
0747,철산,S1107,7호선
0748,광명사거리,S1107,7호선
0749,천왕,S1107,7호선
0750,온수,S1107,7호선
3753,까치울,S1107,7호선
3754,부천종합운동장,S1107,7호선
3755,춘의,S1107,7호선
3756,신중동,S1107,7호선
3757,부천시청,S1107,7호선
3758,상동,S1107,7호선
3759,삼산체육관,S1107,7호선
3760,굴포천,S1107,7호선
3761,부평구청,S1107,7호선
3762,산곡,S1107,7호선
3763,석남,S1107,7호선
0804,별내,S4108,8호선
0805,다산,S4108,8호선
0806,동구릉,S4108,8호선
0807,구리,S4108,8호선
0808,장자호수공원,S4108,8호선
0809,암사역사공원,S1108,8호선
0810,암사,S1108,8호선
0811,천호,S1108,8호선
0812,강동구청,S1108,8호선
0813,몽촌토성,S1108,8호선
0814,잠실,S1108,8호선
0815,석촌,S1108,8호선
0816,송파,S1108,8호선
0817,가락시장,S1108,8호선
0818,문정,S1108,8호선
0819,장지,S1108,8호선
0820,복정,S1108,8호선
0821,남위례,S1108,8호선
0822,산성,S1108,8호선
0823,남한산성입구,S1108,8호선
0824,단대오거리,S1108,8호선
0825,신흥,S1108,8호선
0826,수진,S1108,8호선
0827,모란,S1108,8호선
4101,개화,S1109,9호선
4102,김포공항,S1109,9호선
4103,공항시장,S1109,9호선
4104,신방화,S1109,9호선
4105,마곡나루,S1109,9호선
4106,양천향교,S1109,9호선
4107,가양,S1109,9호선
4108,증미,S1109,9호선
4109,등촌,S1109,9호선
4110,염창,S1109,9호선
4111,신목동,S1109,9호선
4112,선유도,S1109,9호선
4113,당산,S1109,9호선
4114,국회의사당,S1109,9호선
4115,여의도,S1109,9호선
4116,샛강,S1109,9호선
4117,노량진,S1109,9호선
4118,노들,S1109,9호선
4119,흑석,S1109,9호선
4120,동작,S1109,9호선
4121,구반포,S1109,9호선
4122,신반포,S1109,9호선
4123,고속터미널,S1109,9호선
4124,사평,S1109,9호선
4125,신논현,S1109,9호선
4126,언주,S1109,9호선
4127,선정릉,S1109,9호선
4128,삼성중앙,S1109,9호선
4129,봉은사,S1109,9호선
4130,종합운동장,S1109,9호선
4131,삼전,S1109,9호선
4132,석촌고분,S1109,9호선
4133,석촌,S1109,9호선
4134,송파나루,S1109,9호선
4135,한성백제,S1109,9호선
4136,올림픽공원,S1109,9호선
4137,둔촌오륜,S1109,9호선
4138,중앙보훈병원,S1109,9호선
1501,판교,I41K5,경강선
1502,성남,I41K5,경강선
1503,이매,I41K5,경강선
1504,삼동,I41K5,경강선
1505,경기광주,I41K5,경강선
1506,초월,I41K5,경강선
1507,곤지암,I41K5,경강선
1508,신둔도예촌,I41K5,경강선
1509,이천,I41K5,경강선
1510,부발,I41K5,경강선
1511,세종대왕릉,I41K5,경강선
1512,여주,I41K5,경강선
1166,임진강,I4108,경의중앙선
1167,운천,I4108,경의중앙선
1168,문산,I4108,경의중앙선
1169,파주,I4108,경의중앙선
1170,월롱,I4108,경의중앙선
1171,금촌,I4108,경의중앙선
1172,금릉,I4108,경의중앙선
1173,운정,I4108,경의중앙선
1174,야당,I4108,경의중앙선
1175,탄현,I4108,경의중앙선
1176,일산,I4108,경의중앙선
1177,풍산,I4108,경의중앙선
1178,백마,I4108,경의중앙선
1179,곡산,I4108,경의중앙선
1180,대곡,I4108,경의중앙선
1181,능곡,I4108,경의중앙선
1182,행신,I4108,경의중앙선
1183,강매,I4108,경의중앙선
1184,한국항공대,I4108,경의중앙선
1185,수색,I4108,경의중앙선
1186,디지털미디어시티,I4108,경의중앙선
1187,가좌,I4108,경의중앙선
1187-1,신촌,I4108,경의중앙선
1187-2,서울,I4108,경의중앙선
1188,홍대입구,I4108,경의중앙선
1189,서강대,I4108,경의중앙선
1190,공덕,I4108,경의중앙선
1191,효창공원앞,I4108,경의중앙선
1192,용산,I4102,경의중앙선
1193,이촌,I4102,경의중앙선
1194,서빙고,I4102,경의중앙선
1195,한남,I4102,경의중앙선
1196,옥수,I4102,경의중앙선
1197,응봉,I4102,경의중앙선
1198,왕십리,I4102,경의중앙선
1199,청량리,I4102,경의중앙선
1200,회기,I4108,경의중앙선
1201,중랑,I4108,경의중앙선
1202,상봉,I4108,경의중앙선
1203,망우,I4108,경의중앙선
1204,양원,I4108,경의중앙선
1205,구리,I4108,경의중앙선
1206,도농,I4108,경의중앙선
1207,양정,I4108,경의중앙선
1208,덕소,I4108,경의중앙선
1209,도심,I4108,경의중앙선
1210,팔당,I4108,경의중앙선
1211,운길산,I4108,경의중앙선
1212,양수,I4108,경의중앙선
1213,신원,I4108,경의중앙선
1214,국수,I4108,경의중앙선
1215,아신,I4108,경의중앙선
1216,오빈,I4108,경의중앙선
1217,양평,I4108,경의중앙선
1218,원덕,I4108,경의중앙선
1219,용문,I4108,경의중앙선
1220,지평,I4108,경의중앙선
1203,망우,I41K2,경춘선
1311,신내,I41K2,경춘선
1312,갈매,I41K2,경춘선
1313,별내,I41K2,경춘선
1314,퇴계원,I41K2,경춘선
1315,사릉,I41K2,경춘선
1316,금곡,I41K2,경춘선
1317,평내호평,I41K2,경춘선
1318,천마산,I41K2,경춘선
1319,마석,I41K2,경춘선
1320,대성리,I41K2,경춘선
1321,청평,I41K2,경춘선
1322,상천,I41K2,경춘선
1323,가평,I41K2,경춘선
1324,굴봉산,I41K2,경춘선
1325,백양리,I41K2,경춘선
1326,강촌,I41K2,경춘선
1327,김유정,I41K2,경춘선
1328,남춘천,I41K2,경춘선
1329,춘천,I41K2,경춘선
A01,서울,I28A1,공항철도
A02,공덕,I28A1,공항철도
A03,홍대입구,I28A1,공항철도
A04,디지털미디어시티,I28A1,공항철도
A042,마곡나루,I28A1,공항철도
A05,김포공항,I28A1,공항철도
A06,계양,I28A1,공항철도
A07,검암,I28A1,공항철도
A071,청라국제도시,I28A1,공항철도
A072,영종,I28A1,공항철도
A08,운서,I28A1,공항철도
A09,공항화물청사,I28A1,공항철도
A10,인천공항1터미널,I28A1,공항철도
A11,인천공항2터미널,I28A1,공항철도
100,녹동,S2901,광주1호선
101,소태,S2901,광주1호선
102,학동증심사입구,S2901,광주1호선
103,남광주,S2901,광주1호선
104,문화전당,S2901,광주1호선
105,금남로4가,S2901,광주1호선
106,금남로5가,S2901,광주1호선
107,양동시장,S2901,광주1호선
108,돌고개,S2901,광주1호선
109,농성,S2901,광주1호선
110,화정,S2901,광주1호선
111,쌍촌,S2901,광주1호선
112,운천,S2901,광주1호선
113,상무,S2901,광주1호선
114,김대중컨벤션센터,S2901,광주1호선
115,공항,S2901,광주1호선
116,송정공원,S2901,광주1호선
117,광주송정,S2901,광주1호선
118,도산,S2901,광주1호선
119,평동,S2901,광주1호선
G100,양촌,L41G1,김포골드라인
G101,구래,L41G1,김포골드라인
G102,마산,L41G1,김포골드라인
G103,장기,L41G1,김포골드라인
G104,운양,L41G1,김포골드라인
G105,걸포북변,L41G1,김포골드라인
G106,사우,L41G1,김포골드라인
G107,풍무,L41G1,김포골드라인
G108,고촌,L41G1,김포골드라인
G109,김포공항,L41G1,김포골드라인
7001,구미,I27K7,대경선
7002,사곡,I27K7,대경선
7004,왜관,I27K7,대경선
7005,서대구,I27K7,대경선
7006,대구,I27K7,대경선
7007,동대구,I27K7,대경선
7008,경산,I27K7,대경선
0115,설화명곡,S2701,대구1호선
0116,화원,S2701,대구1호선
0117,대곡,S2701,대구1호선
0118,진천,S2701,대구1호선
0119,월배,S2701,대구1호선
0120,상인,S2701,대구1호선
0121,월촌,S2701,대구1호선
0122,송현,S2701,대구1호선
0123,서부정류장,S2701,대구1호선
0124,대명,S2701,대구1호선
0125,안지랑,S2701,대구1호선
0126,현충로,S2701,대구1호선
0127,영대병원,S2701,대구1호선
0128,교대,S2701,대구1호선
0129,명덕,S2701,대구1호선
0130,반월당,S2701,대구1호선
0131,중앙로,S2701,대구1호선
0132,대구,S2701,대구1호선
0133,칠성시장,S2701,대구1호선
0134,신천,S2701,대구1호선
0135,동대구,S2701,대구1호선
0136,동구청,S2701,대구1호선
0137,아양교,S2701,대구1호선
0138,동촌,S2701,대구1호선
0139,해안,S2701,대구1호선
0140,방촌,S2701,대구1호선
0141,용계,S2701,대구1호선
0142,율하,S2701,대구1호선
0143,신기,S2701,대구1호선
0144,반야월,S2701,대구1호선
0145,각산,S2701,대구1호선
0146,안심,S2701,대구1호선
0147,대구한의대병원,S2701,대구1호선
0148,부호,S2701,대구1호선
0149,하양,S2701,대구1호선
0216,문양,S2702,대구2호선
0217,다사,S2702,대구2호선
0218,대실,S2702,대구2호선
0219,강창,S2702,대구2호선
0220,계명대,S2702,대구2호선
0221,성서산업단지,S2702,대구2호선
0222,이곡,S2702,대구2호선
0223,용산,S2702,대구2호선
0224,죽전,S2702,대구2호선
0225,감삼,S2702,대구2호선
0226,두류,S2702,대구2호선
0227,내당,S2702,대구2호선
0228,반고개,S2702,대구2호선
0229,청라언덕,S2702,대구2호선
0230,반월당,S2702,대구2호선
0231,경대병원,S2702,대구2호선
0232,대구은행,S2702,대구2호선
0233,범어,S2702,대구2호선
0234,수성구청,S2702,대구2호선
0235,만촌,S2702,대구2호선
0236,담티,S2702,대구2호선
0237,연호,S2702,대구2호선
0238,수성알파시티,S2702,대구2호선
0239,고산,S2702,대구2호선
0240,신매,S2702,대구2호선
0241,사월,S2702,대구2호선
0242,정평,S2702,대구2호선
0243,임당,S2702,대구2호선
0244,영남대,S2702,대구2호선
0312,칠곡경대병원,S2703,대구3호선
0313,학정,S2703,대구3호선
0314,팔거,S2703,대구3호선
0315,동천,S2703,대구3호선
0316,칠곡운암,S2703,대구3호선
0317,구암,S2703,대구3호선
0318,태전,S2703,대구3호선
0319,매천,S2703,대구3호선
0320,매천시장,S2703,대구3호선
0321,팔달,S2703,대구3호선
0322,공단,S2703,대구3호선
0323,만평,S2703,대구3호선
0324,팔달시장,S2703,대구3호선
0325,원대,S2703,대구3호선
0326,북구청,S2703,대구3호선
0327,달성공원,S2703,대구3호선
0328,서문시장,S2703,대구3호선
0329,청라언덕,S2703,대구3호선
0330,남산,S2703,대구3호선
0331,명덕,S2703,대구3호선
0332,건들바위,S2703,대구3호선
0333,대봉교,S2703,대구3호선
0334,수성시장,S2703,대구3호선
0335,수성구민운동장,S2703,대구3호선
0336,어린이세상,S2703,대구3호선
0337,황금,S2703,대구3호선
0338,수성못,S2703,대구3호선
0339,지산,S2703,대구3호선
0340,범물,S2703,대구3호선
0341,용지,S2703,대구3호선
0101,판암,S3001,대전1호선
0102,신흥,S3001,대전1호선
0103,대동,S3001,대전1호선
0104,대전,S3001,대전1호선
0105,중앙로,S3001,대전1호선
0106,중구청,S3001,대전1호선
0107,서대전네거리,S3001,대전1호선
0108,오룡,S3001,대전1호선
0109,용문,S3001,대전1호선
0110,탄방,S3001,대전1호선
0111,시청,S3001,대전1호선
0112,정부청사,S3001,대전1호선
0113,갈마,S3001,대전1호선
0114,월평,S3001,대전1호선
0115,갑천,S3001,대전1호선
0116,유성온천,S3001,대전1호선
0117,구암,S3001,대전1호선
0118,현충원,S3001,대전1호선
0119,월드컵경기장,S3001,대전1호선
0120,노은,S3001,대전1호선
0121,지족,S3001,대전1호선
0122,반석,S3001,대전1호선
8001,부전,I26K6,동해선
8002,거제해맞이,I26K6,동해선
8003,거제,I26K6,동해선
8004,교대,I26K6,동해선
8005,동래,I26K6,동해선
8006,안락,I26K6,동해선
8007,재송,I26K6,동해선
8008,센텀,I26K6,동해선
8009,벡스코,I26K6,동해선
8010,신해운대,I26K6,동해선
8011,송정,I26K6,동해선
8012,오시리아,I26K6,동해선
8013,기장,I26K6,동해선
8014,일광,I26K6,동해선
8015,부산원동,I26K6,동해선
8016,좌천,I26K6,동해선
8017,월내,I26K6,동해선
8018,서생,I26K6,동해선
8019,남창,I26K6,동해선
8020,망양,I26K6,동해선
8021,덕하,I26K6,동해선
8022,개운포,I26K6,동해선
8023,태화강,I26K6,동해선
0095,다대포해수욕장,S2601,부산1호선
0096,다대포항,S2601,부산1호선
0097,낫개,S2601,부산1호선
0098,신장림,S2601,부산1호선
0099,장림,S2601,부산1호선
0100,동매,S2601,부산1호선
0101,신평,S2601,부산1호선
0102,하단,S2601,부산1호선
0103,당리,S2601,부산1호선
0104,사하,S2601,부산1호선
0105,괴정,S2601,부산1호선
0106,대티,S2601,부산1호선
0107,서대신,S2601,부산1호선
0108,동대신,S2601,부산1호선
0109,토성,S2601,부산1호선
0110,자갈치,S2601,부산1호선
0111,남포,S2601,부산1호선
0112,중앙,S2601,부산1호선
0113,부산,S2601,부산1호선
0114,초량,S2601,부산1호선
0115,부산진,S2601,부산1호선
0116,좌천,S2601,부산1호선
0117,범일,S2601,부산1호선
0118,범내골,S2601,부산1호선
0119,서면,S2601,부산1호선
0120,부전,S2601,부산1호선
0121,양정,S2601,부산1호선
0122,시청,S2601,부산1호선
0123,연산,S2601,부산1호선
0124,교대,S2601,부산1호선
0125,동래,S2601,부산1호선
0126,명륜,S2601,부산1호선
0127,온천장,S2601,부산1호선
0128,부산대,S2601,부산1호선
0129,장전,S2601,부산1호선
0130,구서,S2601,부산1호선
0131,두실,S2601,부산1호선
0132,남산,S2601,부산1호선
0133,범어사,S2601,부산1호선
0134,노포,S2601,부산1호선
0201,장산,S2602,부산2호선
0202,중동,S2602,부산2호선
0203,해운대,S2602,부산2호선
0204,동백,S2602,부산2호선
0205,벡스코,S2602,부산2호선
0206,센텀시티,S2602,부산2호선
0207,민락,S2602,부산2호선
0208,수영,S2602,부산2호선
0209,광안,S2602,부산2호선
0210,금련산,S2602,부산2호선
0211,남천,S2602,부산2호선
0212,경성대·부경대,S2602,부산2호선
0213,대연,S2602,부산2호선
0214,못골,S2602,부산2호선
0215,지게골,S2602,부산2호선
0216,문현,S2602,부산2호선
0217,국제금융센터·부산은행,S2602,부산2호선
0218,전포,S2602,부산2호선
0219,서면,S2602,부산2호선
0220,부암,S2602,부산2호선
0221,가야,S2602,부산2호선
0222,동의대,S2602,부산2호선
0223,개금,S2602,부산2호선
0224,냉정,S2602,부산2호선
0225,주례,S2602,부산2호선
0226,감전,S2602,부산2호선
0227,사상,S2602,부산2호선
0228,덕포,S2602,부산2호선
0229,모덕,S2602,부산2호선
0230,모라,S2602,부산2호선
0231,구남,S2602,부산2호선
0232,구명,S2602,부산2호선
0233,덕천,S2602,부산2호선
0234,수정,S2602,부산2호선
0235,화명,S2602,부산2호선
0236,율리,S2602,부산2호선
0237,동원,S2602,부산2호선
0238,금곡,S2602,부산2호선
0239,호포,S2602,부산2호선
0240,증산,S2602,부산2호선
0241,부산대양산캠퍼스,S2602,부산2호선
0242,남양산,S2602,부산2호선
0243,양산,S2602,부산2호선
0301,수영,S2603,부산3호선
0302,망미,S2603,부산3호선
0303,배산,S2603,부산3호선
0304,물만골,S2603,부산3호선
0305,연산,S2603,부산3호선
0306,거제,S2603,부산3호선
0307,종합운동장,S2603,부산3호선
0308,사직,S2603,부산3호선
0309,미남,S2603,부산3호선
0310,만덕,S2603,부산3호선
0311,남산정,S2603,부산3호선
0312,숙등,S2603,부산3호선
0313,덕천,S2603,부산3호선
0314,구포,S2603,부산3호선
0315,강서구청,S2603,부산3호선
0316,체육공원,S2603,부산3호선
0317,대저,S2603,부산3호선
0401,미남,L2604,부산4호선
0402,동래,L2604,부산4호선
0403,수안,L2604,부산4호선
0404,낙민,L2604,부산4호선
0405,충렬사,L2604,부산4호선
0406,명장,L2604,부산4호선
0407,서동,L2604,부산4호선
0408,금사,L2604,부산4호선
0409,반여농산물시장,L2604,부산4호선
0410,석대,L2604,부산4호선
0411,영산대,L2604,부산4호선
0412,윗반송,L2604,부산4호선
0413,고촌,L2604,부산4호선
0414,안평,L2604,부산4호선
0001,사상,L48B1,부산김해경전철
0002,괘법르네시떼,L48B1,부산김해경전철
0003,서부산유통지구,L48B1,부산김해경전철
0004,공항,L48B1,부산김해경전철
0005,덕두,L48B1,부산김해경전철
0006,등구,L48B1,부산김해경전철
0007,대저,L48B1,부산김해경전철
0008,평강,L48B1,부산김해경전철
0009,대사,L48B1,부산김해경전철
0010,불암,L48B1,부산김해경전철
0011,지내,L48B1,부산김해경전철
0012,김해대학,L48B1,부산김해경전철
0013,인제대,L48B1,부산김해경전철
0014,김해시청,L48B1,부산김해경전철
0015,부원,L48B1,부산김해경전철
0016,봉황,L48B1,부산김해경전철
0017,수로왕릉,L48B1,부산김해경전철
0018,박물관,L48B1,부산김해경전철
0019,연지공원,L48B1,부산김해경전철
0020,장신대,L48B1,부산김해경전철
0021,가야대,L48B1,부산김해경전철
1270,대곡,I41WS,서해선
1271,능곡,I41WS,서해선
1272,곡산,I41WS,서해선
1273,백마,I41WS,서해선
1274,풍산,I41WS,서해선
1275,일산,I41WS,서해선
1980,김포공항,I41WS,서해선
1981,원종,I41WS,서해선
1982,부천종합운동장,I41WS,서해선
4804,소사,I41WS,서해선
4805,소새울,I41WS,서해선
4806,시흥대야,I41WS,서해선
4807,신천,I41WS,서해선
4808,신현,I41WS,서해선
4809,시흥시청,I41WS,서해선
4810,시흥능곡,I41WS,서해선
4811,달미,I41WS,서해선
4812,선부,I41WS,서해선
4813,초지,I41WS,서해선
4814,시우,I41WS,서해선
4815,원시,I41WS,서해선
1018,왕십리,I4105,수인분당선
1019,서울숲,I4105,수인분당선
1020,압구정로데오,I4105,수인분당선
1021,강남구청,I4105,수인분당선
1022,선정릉,I4105,수인분당선
1023,선릉,I4105,수인분당선
1024,한티,I4105,수인분당선
1025,도곡,I4105,수인분당선
1026,구룡,I4105,수인분당선
1027,개포동,I4105,수인분당선
1028,대모산입구,I4105,수인분당선
1029,수서,I4105,수인분당선
1030,복정,I4105,수인분당선
1031,가천대,I4105,수인분당선
1032,태평,I4105,수인분당선
1033,모란,I4105,수인분당선
1034,야탑,I4105,수인분당선
1035,이매,I4105,수인분당선
1036,서현,I4105,수인분당선
1037,수내,I4105,수인분당선
1038,정자,I4105,수인분당선
1039,미금,I4105,수인분당선
1040,오리,I4105,수인분당선
1041,죽전,I4105,수인분당선
1042,보정,I4105,수인분당선
1043,구성,I4105,수인분당선
1044,신갈,I4105,수인분당선
1045,기흥,I4105,수인분당선
1046,상갈,I4105,수인분당선
1047,청명,I4105,수인분당선
1048,영통,I4105,수인분당선
1049,망포,I4105,수인분당선
1050,매탄권선,I4105,수인분당선
1051,수원시청,I4105,수인분당선
1052,매교,I4105,수인분당선
1053,수원,I4105,수인분당선
1054,고색,I28K1,수인분당선
1751,오목천,I28K1,수인분당선
1752,어천,I28K1,수인분당선
1753,야목,I28K1,수인분당선
1754,사리,I28K1,수인분당선
1755,한대앞,I28K1,수인분당선
1756,중앙,I28K1,수인분당선
1757,고잔,I28K1,수인분당선
1758,초지,I28K1,수인분당선
1759,안산,I28K1,수인분당선
1760,능길,I28K1,수인분당선
1761,정왕,I28K1,수인분당선
1762,오이도,I28K1,수인분당선
1878,달월,I28K1,수인분당선
1879,월곶,I28K1,수인분당선
1880,소래포구,I28K1,수인분당선
1881,인천논현,I28K1,수인분당선
1882,호구포,I28K1,수인분당선
1883,남동인더스파크,I28K1,수인분당선
1884,원인재,I28K1,수인분당선
1885,연수,I28K1,수인분당선
1886,송도,I28K1,수인분당선
1888,인하대,I28K1,수인분당선
1889,숭의,I28K1,수인분당선
1890,신포,I28K1,수인분당선
1891,인천,I28K1,수인분당선
S401,샛강,L11SL,신림선
S402,대방,L11SL,신림선
S403,서울지방병무청,L11SL,신림선
S404,보라매,L11SL,신림선
S405,보라매공원,L11SL,신림선
S406,보라매병원,L11SL,신림선
S407,당곡,L11SL,신림선
S408,신림,L11SL,신림선
S409,서원,L11SL,신림선
S410,서울대벤처타운,L11SL,신림선
S411,관악산,L11SL,신림선
D004,신사,I11D1,신분당선
D005,논현,I11D1,신분당선
D006,신논현,I11D1,신분당선
D007,강남,I11D1,신분당선
D008,양재,I11D1,신분당선
D009,양재시민의숲,I11D1,신분당선
D010,청계산입구,I11D1,신분당선
D011,판교,I11D1,신분당선
D012,정자,I11D1,신분당선
D013,미금,I11D1,신분당선
D014,동천,I11D1,신분당선
D015,수지구청,I11D1,신분당선
D016,성복,I11D1,신분당선
D017,상현,I11D1,신분당선
D018,광교중앙,I11D1,신분당선
D019,광교,I11D1,신분당선
Y110,기흥,L41E1,용인경전철
Y111,강남대,L41E1,용인경전철
Y112,지석,L41E1,용인경전철
Y113,어정,L41E1,용인경전철
Y114,동백,L41E1,용인경전철
Y115,초당,L41E1,용인경전철
Y116,삼가,L41E1,용인경전철
Y117,시청·용인대,L41E1,용인경전철
Y118,명지대,L41E1,용인경전철
Y119,김량장,L41E1,용인경전철
Y120,용인중앙시장,L41E1,용인경전철
Y121,고진,L41E1,용인경전철
Y122,보평,L41E1,용인경전철
Y123,둔전,L41E1,용인경전철
Y124,전대·에버랜드,L41E1,용인경전철
S110,북한산우이,L11UI,우이신설선
S111,솔밭공원,L11UI,우이신설선
S112,4.19민주묘지,L11UI,우이신설선
S113,가오리,L11UI,우이신설선
S114,화계,L11UI,우이신설선
S115,삼양,L11UI,우이신설선
S116,삼양사거리,L11UI,우이신설선
S117,솔샘,L11UI,우이신설선
S118,북한산보국문,L11UI,우이신설선
S119,정릉,L11UI,우이신설선
S120,성신여대입구,L11UI,우이신설선
S121,보문,L11UI,우이신설선
S122,신설동,L11UI,우이신설선
U110,발곡,L41U1,의정부경전철
U111,회룡,L41U1,의정부경전철
U112,범골,L41U1,의정부경전철
U113,경전철의정부,L41U1,의정부경전철
U114,의정부시청,L41U1,의정부경전철
U115,흥선,L41U1,의정부경전철
U117,의정부중앙,L41U1,의정부경전철
U118,동오,L41U1,의정부경전철
U119,새말,L41U1,의정부경전철
U120,경기도청북부청사,L41U1,의정부경전철
U121,효자,L41U1,의정부경전철
U122,곤제,L41U1,의정부경전철
U123,어룡,L41U1,의정부경전철
U124,송산,L41U1,의정부경전철
U125,탑석,L41U1,의정부경전철
3107,검단호수공원,S2801,인천1호선
3108,신검단중앙,S2801,인천1호선
3109,아라,S2801,인천1호선
3110,계양,S2801,인천1호선
3111,귤현,S2801,인천1호선
3112,박촌,S2801,인천1호선
3113,임학,S2801,인천1호선
3114,계산,S2801,인천1호선
3115,경인교대입구,S2801,인천1호선
3116,작전,S2801,인천1호선
3117,갈산,S2801,인천1호선
3118,부평구청,S2801,인천1호선
3119,부평시장,S2801,인천1호선
3120,부평,S2801,인천1호선
3121,동수,S2801,인천1호선
3122,부평삼거리,S2801,인천1호선
3123,간석오거리,S2801,인천1호선
3124,인천시청,S2801,인천1호선
3125,예술회관,S2801,인천1호선
3126,인천터미널,S2801,인천1호선
3127,문학경기장,S2801,인천1호선
3128,선학,S2801,인천1호선
3129,신연수,S2801,인천1호선
3130,원인재,S2801,인천1호선
3131,동춘,S2801,인천1호선
3132,동막,S2801,인천1호선
3133,캠퍼스타운,S2801,인천1호선
3134,테크노파크,S2801,인천1호선
3135,지식정보단지,S2801,인천1호선
3136,인천대입구,S2801,인천1호선
3137,센트럴파크,S2801,인천1호선
3138,국제업무지구,S2801,인천1호선
3139,송도달빛축제공원,S2801,인천1호선
3201,검단오류,S2802,인천2호선
3202,왕길,S2802,인천2호선
3203,검단사거리,S2802,인천2호선
3204,마전,S2802,인천2호선
3205,완정,S2802,인천2호선
3206,독정,S2802,인천2호선
3207,검암,S2802,인천2호선
3208,검바위,S2802,인천2호선
3209,아시아드경기장,S2802,인천2호선
3210,서구청,S2802,인천2호선
3211,가정,S2802,인천2호선
3212,가정중앙시장,S2802,인천2호선
3213,석남,S2802,인천2호선
3214,서부여성회관,S2802,인천2호선
3215,인천가좌,S2802,인천2호선
3216,가재울,S2802,인천2호선
3217,주안국가산단,S2802,인천2호선
3218,주안,S2802,인천2호선
3219,시민공원,S2802,인천2호선
3220,석바위시장,S2802,인천2호선
3221,인천시청,S2802,인천2호선
3222,석천사거리,S2802,인천2호선
3223,모래내시장,S2802,인천2호선
3224,만수,S2802,인천2호선
3225,남동구청,S2802,인천2호선
3226,인천대공원,S2802,인천2호선
3227,운연,S2802,인천2호선
